Assigned Annotation,KEGG,Compound,Neutral mass (Da),m/z,Retention time (min),Chromatographic peak width (min),Identifications,Assigned Annotation,Identifier,MSI Classification,Adducts,Formula,Score,Fragmentation Score,Abs Mass Error (ppm),Isotope Similarity,Anova (p),q Value,Max Fold Change,Highest Mean,Lowest Mean,Maximum Abundance,Minimum CV%
alpha-Aminodiphenylacetic acid,NA,3.31_228.1018m/z,,228.1018,3.31,0.411,4,.alpha.-Aminodiphenylacetic acid,3060-50-2,2,M+H,C14H13NO2,46.2,43.9,0.3,87.4,0,0,Infinity,C,BLK,365,4.95
alpha-Ergocryptine,NA,3.09_575.3143n,575.3143,576.3216,3.09,0.854,1,.alpha.-Ergocryptine,511-09-1,2,"M+H-H2O, M+H",C32H41N5O5,41.1,21.3,6.2,91.4,1.71E-09,3.62E-09,31.64772468,A,BLK,"7,816",3.02
1-(1Z-Hexadecenyl)-sn-glycero-3-phosphocholine,NA,3.21_480.3447m/z,,480.3447,3.21,0.51,1,1-(1Z-Hexadecenyl)-sn-glycero-3-phosphocholine,97802-53-4,2,M+H,C24H50NO6P,51.5,60.7,0.4,97.4,5.33E-15,1.86E-14,149.3421433,C,A,"3,399",2.24
1-(9Z-Octadecenoyl)-sn-glycero-3-phosphocholine,C04230,3.55_521.3475n,521.3475,522.3547,3.55,0.655,1,1-(9Z-Octadecenoyl)-sn-glycero-3-phosphocholine,19420-56-5,2,"M+H, M+Na",C26H52NO7P,49,58.3,1.3,88.2,2.09E-11,5.32E-11,333.5979647,C,A,"1,154",2.48
"1,2-Benzenediamine, N-phenyl-",NA,2.53_185.1082m/z,,185.1082,2.53,0.341,3,"1,2-Benzenediamine, N-phenyl-",534-85-0,2,M+H,C12H12N2,46.4,43.8,4.7,93.7,1.87E-08,3.51E-08,23.1543935,B,BLK,320,4.6
"1,3-Dimethyluracil",NA,6.98_140.0589n,140.0589,123.0556,6.98,0.815,2,"1,3-Dimethyluracil",874-14-6,2,"M+H-H2O, M+H",C6H8N2O2,46,33.9,2.3,98.5,0,0,39.66659022,A,BLK,"16,413",3.51
17-Phenyl trinor prostaglandin E2,NA,3.02_369.2038m/z,,369.2038,3.02,0.658,12,17-Phenyl trinor prostaglandin E2,38315-43-4,2,M+H-H2O,C23H30O5,49.5,60.6,5.8,93.4,2.09E-05,2.78E-05,7.416266291,QC,BLK,"2,506",3.85
17-Phenyl trinor prostaglandin F2alpha methyl ester,NA,12.30_385.2312m/z,,385.2312,12.3,0.173,8,17-Phenyl trinor prostaglandin F2.alpha. methyl ester,38315-47-8,2,M+H-H2O,C24H34O5,41.3,46.1,15.2,76,7.88E-06,1.11E-05,Infinity,C,BLK,32,12.26
1-Aminocyclohexanecarboxylic acid,NA,6.84_143.0957n,143.0957,144.103,6.84,0.987,1,1-Aminocyclohexanecarboxylic acid,2756-85-6,2,"M+H, M+K",C7H13NO2,43.5,26.5,7.5,99.3,1.55E-15,5.68E-15,93.76106683,B,BLK,"84,248",1.8
1-Hexadecanoyl-sn-glycero-3-phosphocholine,NA,3.75_496.3347m/z,,496.3347,3.75,0.755,3,1-Hexadecanoyl-sn-glycero-3-phosphocholine,BnH-6djT5rFdNiC,2,M+H,C24H50NO7P,41.9,22.4,10.3,98.1,0,0,7.717695948,C,A,"2,920",1.52
1-Hexadecyl-sn-glycero-3-phosphocholine,NA,3.97_482.3611m/z,,482.3611,3.97,0.612,1,1-Hexadecyl-sn-glycero-3-phosphocholine,52691-62-0,2,M+H,C24H52NO6P,44.6,28.6,1.2,95.8,2.85E-13,8.59E-13,42.86691949,B,A,"2,992",2.16
1H-Indole-4-carboxaldehyde,NA,6.48_146.0602m/z,,146.0602,6.48,0.342,4,1H-Indole-4-carboxaldehyde,1074-86-8,2,M+H,C9H7NO,43.5,28.1,0.8,90.2,3.09E-08,5.70E-08,23.03050735,A,BLK,85,4.03
1-Methylpiperazine,NA,3.02_101.1075m/z,,101.1075,3.02,0.294,1,1-Methylpiperazine,109-01-3,2,M+H,C5H12N2,41.7,16.3,1.5,93.9,0,0,Infinity,C,BLK,194,21.34
2-(2-Butoxyethoxy)acetic acid,NA,3.48_177.1122m/z,,177.1122,3.48,0.606,2,2-(2-Butoxyethoxy)acetic acid,82941-26-2,2,M+H,C8H16O4,46.7,42.9,0.2,90.8,5.38E-10,1.21E-09,55.31679167,A,BLK,283,3.25
2-Amino-1-phenylethanol,C02735,5.63_120.0813m/z,,120.0813,5.63,0.955,9,2-Amino-1-phenylethanol,7568-93-6,2,M+H-H2O,C8H11NO,46.6,37.9,3.6,99.3,0,0,49.1875735,A,BLK,"11,254",2.6
2-Hydroxybenzyl alcohol,C02323,5.60_107.0492m/z,,107.0492,5.6,0.515,9,2-Hydroxybenzyl alcohol,90-01-7,2,M+H-H2O,C7H8O2,44.7,32.4,0.9,92.2,2.83E-06,4.21E-06,1.896900203,A,B,108,4.42
2-Methylindoline,NA,2.89_134.0967m/z,,134.0967,2.89,0.343,8,2-Methylindoline,06/06/6872,2,M+H,C9H11N,46.4,44.6,2.4,90.3,1.25E-07,2.16E-07,7.458124996,C,BLK,76,3.58
2-Phenylacetamide,C02505,7.74_136.0758m/z,,136.0758,7.74,0.39,6,2-Phenylacetamide,103-81-1,2,M+H,C8H9NO,46,38,1.2,93.2,8.96E-07,1.41E-06,8.815045045,A,BLK,619,3.41
3-Methyl-gamma-butyrolactone,NA,8.20_101.0597m/z,,101.0597,8.2,0.293,6,3-Methyl-.gamma.-butyrolactone,1679-47-6,2,M+H,C5H8O2,42.7,19.3,0.2,94.2,2.81E-07,4.66E-07,12.60843713,A,BLK,72,8.23
"4,7-Dimethyl-3-(4-methoxyphenyl)coumarin",NA,10.22_281.1228m/z,,281.1228,10.22,0.341,12,"4,7-Dimethyl-3-(4-methoxyphenyl)coumarin",332104-43-5,2,M+H,C18H16O3,41.7,33.8,19.8,94.3,0,0,13843.81059,A,BLK,"1,123",3.59
4-Androsten-17beta-ol-3-one glucosiduronate,NA,12.20_465.2519m/z,,465.2519,12.2,0.443,2,4-Androsten-17.beta.-ol-3-one glucosiduronate,1180-25-2,2,M+H,C25H36O8,40.7,49.3,7.7,62.8,2.51E-13,7.62E-13,Infinity,C,BLK,355,8.58
4-Chromanone,NA,5.65_148.0522n,148.0522,131.0489,5.65,0.441,2,4-Chromanone,491-37-2,2,"M+H-H2O, M+H",C9H8O2,43.4,28.2,1.3,90.3,0,0,Infinity,A,BLK,299,3.41
4-Hydroxybenzaldehyde,C00633,7.76_123.0442m/z,,123.0442,7.76,0.317,3,4-Hydroxybenzaldehyde,123-08-0,2,M+H,C7H6O2,43.4,25.4,0.8,92.5,1.78E-07,3.02E-07,27.88690841,A,BLK,265,5.99
4-Imidazoleacrylic acid,NA,2.46_138.0431n,138.0431,139.0504,2.46,0.438,4,4-Imidazoleacrylic acid,104-98-3,2,"M+H-H2O, M+H",C6H6N2O2,55.4,80.5,1.4,98.4,4.87E-08,8.73E-08,6.283653751,A,BLK,"9,826",4.56
"5,5-Dimethylimidazolidine-2,4-dione",NA,3.12_129.0657m/z,,129.0657,3.12,0.39,5,"5,5-Dimethylimidazolidine-2,4-dione",77-71-4,2,M+H,C5H8N2O2,42.9,19.8,0.9,95.7,0,0,Infinity,B,BLK,519,5.17
5-Aminovaleric acid,C00431,8.25_100.0757m/z,,100.0757,8.25,0.244,9,5-Aminovaleric acid,660-88-8,2,M+H-H2O,C5H11NO2,40.8,10.3,0.3,93.9,0,0,Infinity,A,BLK,49,14.58
"5-Methyl-5,6-Dihydrouracil",C00906,2.43_129.0657m/z,,129.0657,2.43,0.17,5,"5-Methyl-5,6-Dihydrouracil",696-04-8,2,M+H,C5H8N2O2,48.4,49.8,1,93.6,0,0,Infinity,A,BLK,112,6.89
6-Ketoprostaglandin F1alpha,C05961,12.79_370.2331n,370.2331,393.2223,12.79,0.616,10,6-Ketoprostaglandin F1.alpha.,58962-34-8,2,"M+H, M+Na",C20H34O6,40,16.2,6.6,91.2,2.55E-07,4.25E-07,40.91999783,C,BLK,684,4.74
"Adenine, N6-methyl",NA,2.07_150.0773m/z,,150.0773,2.07,0.194,1,"Adenine, N6-methyl",443-72-1,2,M+H,C6H7N5,44.6,31.9,0.8,92,0,0,Infinity,B,BLK,93,9.72
Ala-Pro,NA,9.66_187.1080m/z,,187.108,9.66,0.268,3,Ala-Pro,13485-59-1,2,M+H,C8H14N2O3,40.9,16.1,1.7,90.3,1.44E-15,5.29E-15,99.67766582,A,BLK,118,8.15
Ala-Tyr-Arg,NA,12.00_409.2204m/z,,409.2204,12,0.296,6,Ala-Tyr-Arg,pAVq316xsRukYis,2,M+H,C18H28N6O5,44,25.5,2.5,97.4,0,0,19939.94466,QC,BLK,312,5.76
Allopurinol,NA,2.53_136.0389n,136.0389,137.0462,2.53,0.39,4,Allopurinol,315-30-0,2,"M+H-H2O, M+H",C5H4N4O,51.1,59.9,3,99.2,1.14E-14,3.90E-14,19.68700024,A,BLK,"5,710",2.71
Arg-Ala,NA,11.44_246.1570m/z,,246.157,11.44,0.269,1,Arg-Ala,g2R06jFUjiRPQfY,2,M+H,C9H19N5O3,40,16.2,4,88.4,3.46E-12,9.43E-12,Infinity,B,BLK,124,7.7
Arg-Cys-Lys,NA,4.02_406.2206m/z,,406.2206,4.02,0.27,4,Arg-Cys-Lys,FrdQM46EeuMF1C9,2,M+H,C15H31N7O4S,40.3,32.5,6.2,76,2.81E-13,8.49E-13,Infinity,C,BLK,233,8.35
Asp-Met-Arg,NA,5.43_421.1853m/z,,421.1853,5.43,0.565,7,Asp-Met-Arg,8ljTlTzqxn9HJn6,2,M+H,C15H28N6O6S,45.3,54.8,2.5,74.7,2.90E-14,9.58E-14,269.5880958,C,BLK,523,3.78
Asp-Met-Lys,NA,6.58_393.1769m/z,,393.1769,6.58,0.607,6,Asp-Met-Lys,Ogjv0QDXhKWbRDR,2,M+H,C15H28N4O6S,50.6,70.4,8.4,91.7,0,0,Infinity,B,BLK,767,3.62
"Benzenemethanol, 4-methyl-",NA,3.12_105.0700m/z,,105.07,3.12,0.512,7,"Benzenemethanol, 4-methyl-",589-18-4,2,M+H-H2O,C8H10O,53.4,70.8,0.8,96.9,3.16E-08,5.82E-08,3.910203279,C,A,"1,841",6.31
Creatinine,C00791,3.26_114.0657m/z,,114.0657,3.26,0.411,3,Creatinine,60-27-5,1,M+H,C4H7N3O,45,35.3,4,94.5,0.216124931,0.219666801,1.392496726,A,BLK,416,11.7
"Cyclopropanecarboxylic acid, 1-amino-",NA,2.21_101.0474n,101.0474,102.0547,2.21,0.219,3,"Cyclopropanecarboxylic acid, 1-amino-",22059-21-8,1,"M+H-H2O, M+H",C4H7NO2,44.3,30,2.9,95,0.000289537,0.000345214,3.809718746,A,BLK,"1,051",7.39
Cys-Asn-Lys,NA,10.49_364.1603m/z,,364.1603,10.49,0.414,6,Cys-Asn-Lys,ZfnoajpYzQ9pkN5,2,M+H,C13H25N5O5S,41.5,27.5,12.8,93.5,0,0,Infinity,A,BLK,"1,450",2.81
Cys-Lys-Lys,NA,6.87_378.2120m/z,,378.212,6.87,1.084,2,Cys-Lys-Lys,QMara@9WBIllyMV,2,M+H,C15H31N5O4S,45.9,51.9,13.2,91.4,2.22E-16,8.68E-16,97.57165186,B,BLK,855,2.12
Cys-Thr-Arg,NA,10.59_379.1711m/z,,379.1711,10.59,0.268,9,Cys-Thr-Arg,uYoMzJ0AO3zQQxA,2,M+H,C13H26N6O5S,42.1,35.4,12.4,88.2,0,0,Infinity,A,BLK,375,2.23
"D-Gluconic acid, permethyl-, methyl ester",NA,7.35_281.1596m/z,,281.1596,7.35,0.792,4,"D-Gluconic acid, permethyl-, methyl ester",6RquMjmaZC6t2b1,2,M+H,C12H24O7,42.1,19,0.6,92,5.66E-05,7.23E-05,2.116999732,A,BLK,604,5.78
Dibenzylamine,NA,2.14_198.1285m/z,,198.1285,2.14,0.412,3,Dibenzylamine,103-49-1,2,M+H,C14H15N,40.1,7.17,4,97.9,5.72E-07,9.19E-07,26.80058641,B,BLK,"3,936",2.1
DL-beta-Homoleucine,NA,8.49_146.1177m/z,,146.1177,8.49,0.706,3,DL-.beta.-Homoleucine,3653-34-7,2,M+H,C7H15NO2,47.1,38.2,1,98.3,0,0,1598.886846,A,BLK,"1,741",0.65
DL-Arginine,NA,12.00_174.1122n,174.1122,175.1195,12,0.37,4,DL-Arginine,7200-25-1,1,"M+H, M+Na",C6H14N4O2,42,19.9,3.1,93.6,0.000214992,0.000259362,2.947715113,A,C,760,6.62
DL-Indole-3-lactic acid,NA,6.51_188.0709m/z,,188.0709,6.51,0.608,10,DL-Indole-3-lactic acid,832-97-3,2,M+H-H2O,C11H11NO3,48.6,48.8,1.6,96.2,0,0,Infinity,A,BLK,"1,113",4.65
"DL-Lysine, 5-hydroxy-",NA,3.82_145.0976m/z,,145.0976,3.82,0.245,2,"DL-Lysine, 5-hydroxy-",04/08/6000,2,M+H-H2O,C6H14N2O3,40.3,12.7,2.8,92.3,0,0,Infinity,C,A,48,10.27
D-Pyroglutamic acid,C02237,6.41_130.0499m/z,,130.0499,6.41,0.537,6,D-Pyroglutamic acid,4042-36-8,1,M+H,C5H7NO3,49.5,53.9,0.5,94.3,4.23E-13,1.26E-12,263.7827436,A,BLK,535,4.89
Gln-Ser-Arg,NA,13.14_390.2100m/z,,390.21,13.14,0.247,8,Gln-Ser-Arg,uWQ6hIacAe3XyIC,2,M+H,C14H27N7O6,41.2,24.8,1.1,82.4,0.00041525,0.000490081,Infinity,A,BLK,37,18.73
Glu-Met-Lys,NA,10.22_407.2021m/z,,407.2021,10.22,0.341,13,Glu-Met-Lys,afGrqvYPQ5EkMgr,2,M+H,C16H30N4O6S,40.1,37.7,15.3,78.5,0,0,Infinity,A,BLK,239,3.22
Glycyl-L-4-Hydroxyproline,NA,10.68_189.0868m/z,,189.0868,10.68,0.243,5,Glycyl-L-4-Hydroxyproline,24587-32-4,2,M+H,C7H12N2O4,49.5,57.2,0.9,91.1,1.98E-10,4.68E-10,Infinity,A,BLK,184,4.86
Gly-Pro,NA,10.29_172.0850n,172.085,173.0923,10.29,0.462,2,Gly-Pro,704-15-4,2,"M+H, M+Na",C7H12N2O3,53,75.4,1.5,91.3,1.24E-12,3.50E-12,7.135698331,A,C,489,8.26
Gly-Pro-Arg,NA,12.50_328.1868n,328.1868,329.194,12.5,0.369,2,Gly-Pro-Arg,iWSmGM3KgAUmgZg,2,"M+H, M+Na",C13H24N6O4,48.8,53.9,2.6,93.1,2.00E-12,5.57E-12,800.691395,A,BLK,"2,021",7
Guanine,C00242,4.65_152.0572m/z,,152.0572,4.65,0.196,2,Guanine,73-40-5,1,M+H,C5H5N5O,45.3,37.1,3.1,92.8,1.63E-12,4.58E-12,Infinity,A,BLK,43,16.34
Heptaethylene glycol,NA,4.92_309.1924m/z,,309.1924,4.92,0.441,5,Heptaethylene glycol,5617-32-3,2,M+H-H2O,C14H30O8,42.6,31.6,5,86.9,0.003553432,0.003933318,1.512792626,B,A,280,4.27
"Hexanedioic acid, 2-amino-",NA,4.99_144.0659m/z,,144.0659,4.99,0.171,3,"Hexanedioic acid, 2-amino-",542-32-5,2,M+H-H2O,C6H11NO4,46,40.4,2.3,92.4,1.11E-16,4.43E-16,171.672285,A,BLK,19,13.6
His-Pro,NA,4.19_235.1196m/z,,235.1196,4.19,0.46,2,His-Pro,PuBCkJNfQSfG8Gc,2,M+H-H2O,C11H16N4O3,49,50.8,2.5,97.1,0,0,446371.8266,B,BLK,459,4.35
Ile-His,NA,8.47_291.1431m/z,,291.1431,8.47,0.317,5,Ile-His,fuE6IaGctvp9vBG,2,M+Na,C12H20N4O3,42.1,14.6,1.3,97.6,0,0,Infinity,C,BLK,261,2.79
Isocarbamid,NA,4.87_186.1241m/z,,186.1241,4.87,0.246,5,Isocarbamid,30979-48-7,2,M+H,C8H15N3O2,41.5,19.8,2.1,90.2,8.80E-11,2.13E-10,Infinity,C,BLK,45,6
Isocytosine,NA,3.45_112.0504m/z,,112.0504,3.45,0.362,2,Isocytosine,108-53-2,2,M+H,C4H5N3O,45.7,35.3,1.3,94.5,1.11E-16,4.43E-16,16.61272007,A,BLK,420,3.1
L-Carnitine,C00318,8.15_162.1126m/z,,162.1126,8.15,0.268,4,L-Carnitine,541-15-1,1,M+H,C7H15NO3,43.6,26.9,0.5,91.6,7.15E-05,9.02E-05,11.38185633,B,BLK,47,7.7
L-Citrulline,C00327,10.39_176.1025m/z,,176.1025,10.39,0.243,2,L-Citrulline,372-75-8,1,M+H,C6H13N3O3,46.6,44.2,2.7,92.1,0,0,Infinity,A,BLK,409,12.94
L-Histidine,C00135,11.29_156.0768m/z,,156.0768,11.29,0.318,5,L-Histidine,71-00-1,1,M+H,C6H9N3O2,56.4,89.9,0.1,92.2,1.11E-16,4.43E-16,Infinity,A,B,144,9.22
"L-Histidine, 3-methyl-",NA,2.99_170.0936m/z,,170.0936,2.99,0.245,9,"L-Histidine, 3-methyl-",368-16-1,2,M+H,C7H11N3O2,46.4,48.9,7.1,91.2,4.02E-09,8.14E-09,20.18395161,B,BLK,54,5.91
L-Lysine,C00047,12.27_147.1132m/z,,147.1132,12.27,0.271,2,L-Lysine,56-87-1,1,M+H,C6H14N2O2,55.5,87.6,2.4,92.5,1.85E-06,2.81E-06,28.75754255,A,BLK,298,11.38
L-Ngamma-Monomethylarginine,NA,10.76_189.1350m/z,,189.135,10.76,0.341,2,L-N.gamma.-Monomethylarginine,17035-90-4,2,M+H,C7H16N4O2,45.4,38.7,2,90.8,0,0,Infinity,B,BLK,223,12.48
L-N5-(1-Imino-3-pentenyl) ornithine,NA,5.01_214.1549m/z,,214.1549,5.01,0.416,2,L-N5-(1-Imino-3-pentenyl) ornithine,Sri9vThkjOADzu9,2,M+H,C10H19N3O2,41.8,20.8,0.3,88.7,0,0,353583.7951,B,BLK,82,2.97
L-Pipecolic acid,C00408,7.98_130.0861m/z,,130.0861,7.98,0.39,5,L-Pipecolic acid,3105-95-1,1,M+H,C6H11NO2,47.3,44.9,0.9,92.9,0,0,Infinity,A,BLK,93,9.41
L-Proline,C00148,8.00_116.0706m/z,,116.0706,8,0.585,2,L-Proline,147-85-3,1,M+H,C5H9NO2,56.2,84.3,0.3,97.2,4.54E-13,1.34E-12,15.60014776,A,BLK,856,2.73
L-Threonine,C00188,3.14_102.0549m/z,,102.0549,3.14,0.244,6,L-Threonine,72-19-5,2,M+H-H2O,C4H9NO3,48.4,48.3,0.6,94.7,1.67E-12,4.70E-12,Infinity,B,BLK,29,3.82
Lys-Ala-Arg,NA,2.67_374.2528m/z,,374.2528,2.67,0.294,5,Lys-Ala-Arg,dnEGcYwJDqayR@M,2,M+H,C15H31N7O4,42.3,41.8,4.8,75.4,8.31E-11,2.01E-10,6.304861462,A,BLK,414,5.29
Lys-Ile-Arg,NA,2.60_416.2982m/z,,416.2982,2.6,0.44,8,Lys-Ile-Arg,cGt5Ft3f65JqtX5,2,M+H,C18H37N7O4,44.1,25.2,0.7,96,9.03E-05,0.000113068,1.733275728,A,C,"1,588",2.92
Lyso-PAF C-18,NA,3.65_510.3921m/z,,510.3921,3.65,0.462,1,Lyso-PAF C-18,74430-89-0,2,M+H,C26H56NO6P,40.4,12.8,0.5,89.6,0,0,Infinity,C,A,886,2.27
Lyso-Sphingomyelin,NA,8.08_464.3382n,464.3382,487.3274,8.08,0.414,2,Lyso-Sphingomyelin,1670-26-4,2,"M+H, M+Na",C23H49N2O5P,48.3,47.5,0.7,94.9,5.60E-10,1.26E-09,2.449945625,B,A,927,4.19
Lys-Ser-Lys,NA,2.50_362.2335m/z,,362.2335,2.5,0.561,2,Lys-Ser-Lys,lNtWuSeB4anmR0C,2,M+H,C15H31N5O5,43.1,42.2,17.4,91.1,6.68E-06,9.47E-06,7.898006915,A,BLK,"1,527",3.08
Met-Glu-Lys,NA,2.36_407.1908m/z,,407.1908,2.36,0.243,11,Met-Glu-Lys,8Y74G@8Ly002KOv,2,M+H,C16H30N4O6S,42.1,41,12.5,83,0,0,Infinity,A,BLK,578,4.89
Methaqualone,C07560,6.41_250.1070n,250.107,273.0962,6.41,0.585,1,Methaqualone,72-44-6,2,"M+H, M+Na",C16H14N2O,44.2,46.9,14.6,89.4,0,0,Infinity,A,BLK,783,5.03
Met-Pro-Lys,NA,6.19_375.2092m/z,,375.2092,6.19,1.32,26,Met-Pro-Lys,9WxsUCDJV7qKkZY,2,M+H,C16H30N4O4S,41.1,46,8.5,68.9,0,0,171.2563986,C,BLK,"2,065",2.75
"N,N'-Diallyl-2,3-dihydroxysuccinamide",NA,3.62_229.1193m/z,,229.1193,3.62,0.267,12,"N,N'-Diallyl-2,3-dihydroxysuccinamide",58477-85-3,2,M+H,C10H16N2O4,41,22,4.6,88.1,6.99E-06,9.88E-06,Infinity,A,BLK,53,10.62
N-alpha-Acetyl-L-arginine,NA,9.98_217.1292m/z,,217.1292,9.98,0.146,2,N-.alpha.-Acetyl-L-arginine,155-84-0,2,M+H,C8H16N4O3,46.2,42.7,1.3,89.7,0.003200233,0.003554697,3.225288657,C,A,18,13.03
N-Acetyl-D-lactosamine,C01074,5.92_366.1395m/z,,366.1395,5.92,0.561,3,N-Acetyl-D-lactosamine,32181-59-2,2,M+H-H2O,C14H25NO11,44.4,36.6,0,85.3,0,0,Infinity,A,BLK,336,3.2
N-Butylaniline,NA,2.29_150.1283m/z,,150.1283,2.29,0.291,4,N-Butylaniline,1126-78-9,2,M+H,C10H15N,43.7,27.1,4.2,96.1,1.33E-15,4.90E-15,7.131401404,C,BLK,935,8.65
N-Butyryl-L-homoserine lactone,NA,2.12_171.0899n,171.0899,172.0971,2.12,0.267,2,N-Butyryl-L-homoserine lactone,67605-85-0,2,"M+H-H2O, M+H",C8H13NO3,41.6,18,1.9,92.4,2.75E-05,3.62E-05,22.79973482,A,BLK,989,12.99
N-Ethyl-N-isopropylaniline,NA,2.09_164.1436m/z,,164.1436,2.09,0.34,2,N-Ethyl-N-isopropylaniline,54813-77-3,2,M+H,C11H17N,46,32.5,1.1,98.6,0,0,Infinity,C,BLK,"3,175",3.95
N-Methyl-alpha-aminoisobutyric acid,NA,7.18_118.0867m/z,,118.0867,7.18,1.134,8,N-Methyl-.alpha.-aminoisobutyric acid,2566-34-9,2,M+H,C5H11NO2,40.1,5.55,3.9,99.5,0.480157941,0.482335528,1.124053013,A,QC,"19,581",1.38
N-Nitrosopiperidine,NA,7.39_115.0867m/z,,115.0867,7.39,0.462,3,N-Nitrosopiperidine,100-75-4,2,M+H,C5H10N2O,40.2,7.72,1.3,95,3.33E-16,1.28E-15,165.0518008,C,BLK,242,5.81
N-Palmitoylglycine,NA,2.09_314.2695m/z,,314.2695,2.09,1.069,2,N-Palmitoylglycine,2441-41-0,2,M+H,C18H35NO3,43.8,23.9,1.7,97.2,1.67E-13,5.12E-13,3.191360558,B,BLK,"25,963",2.96
PAF C-16,NA,3.45_524.3705m/z,,524.3705,3.45,0.557,3,PAF C-16,74389-68-7,2,M+H,C26H54NO7P,53.3,76.7,1.1,91.1,0,0,1140.67779,C,A,"1,057",2.37
Palmitoleoyl ethanolamide,NA,2.04_298.2746m/z,,298.2746,2.04,0.457,1,Palmitoleoyl ethanolamide,94421-67-7,2,M+H,C18H35NO2,44.7,28.8,2,97.1,2.78E-15,9.94E-15,10.19409693,C,BLK,"4,798",3.65
Phe-Asn,NA,7.91_280.1283m/z,,280.1283,7.91,0.316,5,Phe-Asn,o0lDhhY@GfnokC7,2,M+H,C13H17N3O4,40.4,17.5,3.1,87.9,2.32E-11,5.87E-11,5.474039819,QC,BLK,371,5.88
Phe-Gly-Arg,NA,11.83_379.2088m/z,,379.2088,11.83,0.369,7,Phe-Gly-Arg,WBJp6mDXj8lNg5B,2,M+H,C17H26N6O4,45.5,40.3,0,87,2.97E-11,7.49E-11,23.36158837,A,BLK,213,7.34
Phenylacetaldehyde,C00601,3.12_103.0541m/z,,103.0541,3.12,0.293,1,Phenylacetaldehyde,122-78-1,2,M+H-H2O,C8H8O,46.3,41.3,1,91.7,0,0,Infinity,C,BLK,192,6.75
Phe-Tyr,NA,5.70_329.1525m/z,,329.1525,5.7,0.564,7,Phe-Tyr,HJBiB9UCuofkN4D,2,M+H,C18H20N2O4,47.2,52.4,8.8,93.4,0,0,Infinity,A,BLK,609,10.74
Pregabalin,NA,4.50_160.1329m/z,,160.1329,4.5,0.193,2,Pregabalin,148553-50-8,2,M+H,C8H17NO2,43.9,30.6,1.7,90.8,1.85E-06,2.82E-06,Infinity,A,BLK,34,10.19
Pro-Gln-Arg,NA,12.37_399.2233n,399.2233,400.2306,12.37,0.295,2,Pro-Gln-Arg,kILZPrvMDn0EN3W,2,"M+H, M+Na",C16H29N7O5,40.2,6.55,0.7,95.4,7.62E-07,1.21E-06,19.7823843,QC,BLK,271,7.12
"Pyrimido[1,2-a]azepine, 2,3,4,6,7,8,9,10-octahydro-",NA,2.14_153.1392m/z,,153.1392,2.14,0.243,1,"Pyrimido[1,2-a]azepine, 2,3,4,6,7,8,9,10-octahydro-",6674-22-2,2,M+H,C9H16N2,41.2,20.3,3.8,90,0,0,Infinity,C,A,524,11.24
PyroGlu-Ala,NA,2.72_201.0874m/z,,201.0874,2.72,0.318,5,PyroGlu-Ala,mAkmyjUq0VVvstF,2,M+H,C8H12N2O4,42.7,20.4,2.1,95.4,0,0,Infinity,C,BLK,861,4.02
PyroGlu-Gln-Arg,NA,10.07_414.2088m/z,,414.2088,10.07,0.438,6,PyroGlu-Gln-Arg,h6ngZ1i2N7baQI3,2,M+H,C16H27N7O6,42.5,48.7,1.8,65.9,7.89E-05,9.91E-05,1.412138716,A,B,547,3.09
PyroGlu-Tyr,NA,5.43_293.1145m/z,,293.1145,5.43,0.491,12,PyroGlu-Tyr,YlVy8eUNxAcIzzp,2,M+H,C14H16N2O5,41.1,29.6,4.5,80.9,0,0,Infinity,A,BLK,310,4.25
Tetrahydrozoline,NA,2.65_201.1388m/z,,201.1388,2.65,0.244,2,Tetrahydrozoline,84-22-0,2,M+H,C13H16N2,40.6,16.5,1.1,87.8,0,0,Infinity,B,A,176,3.79
Thr-Ala-Arg,NA,4.38_347.2056m/z,,347.2056,4.38,0.508,4,Thr-Ala-Arg,MisQA-ho3cM4o1X,2,M+H,C13H26N6O5,40.8,29.3,5.3,81,2.49E-12,6.89E-12,Infinity,B,BLK,165,11.91
Thr-Trp-Lys,NA,7.79_434.2360m/z,,434.236,7.79,0.341,8,Thr-Trp-Lys,z-@1w@jWXu4M-WP,2,M+H,C21H31N5O5,40.9,43.1,8.8,70.9,0,0,Infinity,B,BLK,648,5.04
trans-2-Hydroxycinnamic acid,C01772,7.74_164.0479n,164.0479,165.0552,7.74,0.342,5,trans-2-Hydroxycinnamic acid,614-60-8,2,"M+H-H2O, M+H",C9H8O3,41,18.1,3.3,90.7,0,0,Infinity,A,BLK,477,2.16
trans-Epoxysuccinyl-L-leucylamido(4-guanidino)butane,NA,6.07_358.2086m/z,,358.2086,6.07,0.535,4,trans-Epoxysuccinyl-L-leucylamido(4-guanidino)butane,66701-25-5,2,M+H,C15H27N5O5,48.6,54.9,0.3,88.4,3.43E-11,8.59E-11,105.9848228,A,BLK,447,3.29
Triethanolamine,C06771,7.06_149.1057n,149.1057,150.1129,7.06,0.987,1,Triethanolamine,102-71-6,2,"M+H, M+Na",C6H15NO3,44.4,26.6,3.2,99.3,1.88E-05,2.52E-05,1.639133478,B,BLK,"11,247",1.13
Trp-Phe,NA,10.22_351.1529n,351.1529,352.1602,10.22,0.292,2,Trp-Phe,08/02/6686,2,"M+H-H2O, M+H",C20H21N3O3,42.5,36.9,15.3,91.5,0,0,Infinity,A,BLK,473,5.27
Trp-Ser-Arg,NA,12.89_448.2304m/z,,448.2304,12.89,0.394,4,Trp-Ser-Arg,2QGgU41Sl5oLyPL,2,M+H,C20H29N7O5,43.8,36.2,0.2,82.9,8.38E-06,1.17E-05,Infinity,QC,BLK,113,11.57
Val-Arg,NA,11.98_274.1884m/z,,274.1884,11.98,0.247,2,Val-Arg,cTXXNZH5voWH7UG,2,M+H,C11H23N5O3,41,23.2,3.8,86.4,2.70E-12,7.43E-12,Infinity,QC,BLK,97,7.51
Xanthine,C00385,2.63_153.0408m/z,,153.0408,2.63,0.22,2,Xanthine,69-89-6,2,M+H,C5H4N4O2,42.7,21.4,0.7,92.9,0,0,Infinity,C,BLK,134,11.59
